name,employee_id,male,age,experience,use_email_total,active_use_email,use_email_last,out_work_internal_email_total,out_work_internal_email_last,out_work_external_email_total,out_work_external_email_last,cnt_days_pause_total,cnt_days_pause_last,cnt_4hours_later_total,cnt_4hours_later_last,total_letters_total,total_letters_last,received_total,received_last,answer_total,answer_last,out_work_email_total,out_work_email_last,external_email_total,external_email_last,internal_email_total,internal_email_last,cnt_addressees,cnt_address_copy_total,cnt_address_copy_last,cnt_address_hidden_copy_total,cnt_address_hidden_copy_last,div_bytes_emails,cnt_question_incoming,cnt_text_mean_total,cnt_text_mean_last,target
Чернова Оксана Петровна,612,0,53,1728,351,12,59,21,2,13,0,1,1,7,1,886,63,3166,122,208,24,34,2,338,24,548,39,1,363,28,265,13,5,158,401.18,722.56,0
Борисова Ирина Ильична,537,0,44,1709,484,12,79,6,0,5,0,1,1,7,2,753,42,1473,42,250,36,11,0,342,19,411,23,3,474,24,256,8,5,191,443.7,245.57,0
Баранова Валерия Борисовна,137,0,32,1687,280,12,45,13,2,11,2,1,1,3,1,818,45,2318,340,133,10,24,4,374,20,444,25,3,343,30,269,10,1,278,568.19,735.18,0
Захарова Екатерина Александровна,596,0,44,1629,394,12,55,9,2,9,0,0,5,12,7,862,50,1942,227,240,13,18,2,431,25,431,25,4,637,24,258,9,5,116,402.62,544.24,0
Наумова Надежда Игоревна,120,0,45,1588,385,12,56,17,2,8,0,0,0,9,1,555,43,2175,161,186,17,25,2,177,13,378,30,3,321,28,144,9,0,304,786.32,608.41,0
Иванова Ульяна Артемовна,422,0,42,1505,746,12,85,12,3,9,2,1,0,0,0,1048,45,2428,281,361,43,21,5,449,19,599,26,4,471,29,314,7,4,242,572.15,606.07,0
Соколова Евгения Петровна,290,0,43,1485,412,12,86,14,2,11,0,0,0,14,0,1185,53,2565,171,210,23,25,2,521,23,664,30,4,628,35,319,10,2,333,751.22,571.99,0
Шилов Леонид Савельевич,515,1,42,2792,534,12,112,36,1,13,1,0,1,0,2,1372,76,4912,371,234,25,49,2,364,20,1008,56,3,905,39,397,15,5,49,797.36,509.26,0
Михайлова Лариса Константиновна,747,0,48,2722,683,12,86,27,3,23,1,0,1,15,1,756,39,4596,275,171,15,50,4,347,17,409,22,2,551,19,241,7,10,183,497.61,523.95,0
Калинин Марк Артемович,542,1,58,2278,68,3,30,1,0,3,1,4,3,47,10,282,11,522,70,30,9,4,1,211,8,71,3,4,146,6,98,2,3,52,503.34,487.95,1
Максимов Григорий Дмитриевич,818,1,38,2421,519,12,37,5,1,6,1,1,1,0,9,927,54,1647,231,220,15,11,2,505,29,422,25,2,695,32,287,11,7,148,222.47,565.31,0
Соколова Надежда Геннадьевна,320,0,49,2121,421,12,54,8,1,6,1,1,1,4,7,854,58,1814,117,203,10,14,2,366,24,488,34,1,427,30,273,13,1,199,716.13,425.94,0
Щербакова Виктория Георгиевна,155,0,43,1989,664,12,74,33,4,15,2,1,0,6,11,1695,114,4635,350,117,6,48,6,529,35,1166,79,1,796,71,457,20,1,92,445.89,719.22,0
Жукова Надежда Юрьевна,886,0,38,1377,700,12,89,35,4,23,5,0,0,1,2,1023,55,5283,763,202,9,58,9,405,21,618,34,3,654,28,337,10,5,105,731.76,810.18,0
Беляев Степан Андреевич,828,1,29,1356,392,12,59,8,1,1,0,1,5,5,1,521,40,1061,99,161,16,9,1,57,4,464,36,1,364,26,109,9,7,42,537.21,524.79,0
Гордеев Поликарп Александрович,444,1,42,1322,603,12,84,34,2,14,0,1,1,14,2,522,43,3582,161,159,21,48,2,152,12,370,31,2,261,27,109,8,6,322,637.56,795.83,0
Петрова Дарья Григорьевна,186,0,40,1254,514,12,103,18,1,11,0,1,4,3,11,1023,57,2943,116,316,16,29,1,388,21,635,36,2,501,38,306,10,2,323,479.76,327.49,0
Шилова Анна Геннадьевна,528,0,49,1087,386,8,45,9,0,4,0,2,2,47,8,841,34,1621,34,111,4,13,0,258,10,583,24,3,344,16,201,7,7,81,663.97,558.13,1
Полякова Дарья Максимовна,341,0,52,981,402,6,60,6,0,2,0,1,3,14,10,633,110,1173,110,186,19,8,0,158,27,475,83,2,462,49,151,22,2,105,459.23,207.03,1
Михайлова Валентина Александровна,659,0,43,1135,575,12,71,23,3,8,2,1,1,3,7,765,50,2505,345,190,19,31,5,197,12,568,38,4,459,25,183,11,5,125,693.83,692.64,0
Петров Лев Борисович,815,1,40,1121,584,12,78,17,1,23,2,1,1,12,0,1006,64,3586,123,362,23,40,3,578,36,428,28,1,603,42,221,14,8,466,422.86,825.47,0
Кудряшова Алеся Сергеевна,684,0,34,1119,374,12,50,12,0,11,1,0,4,2,8,1114,50,2554,168,181,20,23,1,532,23,582,27,3,790,32,267,10,4,255,666.92,531.53,0
Смирнова София Анатольевна,679,0,54,1089,562,12,85,18,1,13,0,0,2,16,10,702,44,2682,103,322,27,31,1,294,18,408,26,4,336,23,238,10,6,26,404.4,418.36,0
Казакова Виктория Дмитриевна,379,0,45,1086,421,12,89,20,0,4,1,1,0,9,2,915,48,2475,107,279,29,24,1,152,7,763,41,2,649,27,265,8,4,272,870.73,584.38,0
Лаврентьев Максим Богданович,708,1,50,1068,608,12,103,8,2,9,0,3,1,15,2,651,45,1611,104,234,21,17,2,344,23,307,22,2,364,21,136,9,3,225,730.15,795.46,0
Панфилова Виктория Васильевна,586,0,52,904,389,7,65,6,1,9,1,4,1,6,0,797,118,1697,177,126,27,15,2,478,70,319,48,1,318,68,231,21,7,84,420.5,429.43,1
Котова Светлана Яковлевна,500,0,47,1029,804,12,125,32,8,18,3,1,0,5,0,1318,80,4498,434,227,19,50,11,474,28,844,52,2,698,50,369,18,6,269,892.75,600.0,0
Трофимов Максим Поликарпович,279,1,45,1029,828,12,88,29,3,30,2,0,5,18,5,1312,72,5212,190,342,31,59,5,667,36,645,36,2,800,35,288,15,1,521,714.23,787.63,0
Бирюков Владимир Евгеньевич,385,1,37,1023,479,12,46,25,0,6,0,1,1,13,2,441,27,2481,27,171,14,31,0,85,5,356,22,3,202,15,92,5,2,124,484.28,455.47,0
Волкова Диана Михайловна,823,0,50,1022,585,12,73,12,0,7,0,1,4,12,5,884,54,1964,54,273,18,19,0,325,19,559,35,2,512,29,229,10,5,39,767.93,204.13,0
Козлова Надежда Павловна,371,0,44,1016,612,12,72,20,1,10,1,0,3,7,12,1643,62,3683,62,219,9,30,2,547,20,1096,42,3,887,33,443,12,2,515,579.11,417.56,0
Горбунова Елизавета Семеновна,816,0,49,999,443,12,71,18,2,5,0,1,1,12,0,1218,63,2838,122,211,10,23,2,264,13,954,50,3,718,31,353,14,9,425,756.59,457.47,0
Васильев Максим Сергеевич,405,1,29,760,111,4,36,1,0,3,0,2,2,46,6,280,53,460,53,61,12,4,0,210,39,70,14,4,126,33,70,11,4,59,567.21,238.1,1
Блохин Никита Павлович,511,1,27,730,118,4,49,1,0,0,0,5,5,37,7,324,55,384,55,46,9,1,0,0,0,324,55,4,152,34,84,11,2,53,487.14,329.98,1
Гордеева Наталья Виталиевна,714,0,62,960,532,12,73,7,0,3,0,4,4,0,12,884,53,1484,53,248,21,10,0,265,15,619,38,1,548,33,238,9,9,163,577.71,247.96,0
Борисова Виктория Александровна,217,0,34,960,797,12,93,13,2,14,0,1,1,14,1,786,38,2466,274,233,15,27,2,407,19,379,19,2,448,18,235,7,2,320,878.93,596.13,0
Наумова Оксана Леонидовна,711,0,61,57,701,2,85,1,1,0,0,5,0,47,1,58,26,178,144,664,23,1,1,0,0,58,26,4,38,15,19,5,10,19,369.69,753.94,0
Баранов Иван Игоревич,562,1,31,925,482,12,100,5,0,5,0,0,1,47,12,939,46,1539,46,312,39,10,0,469,23,470,23,1,685,23,253,8,5,76,587.14,386.84,0
Михайлова Оксана Игоревна,789,0,42,918,425,12,68,15,0,10,1,1,1,8,5,997,47,2557,106,378,25,25,1,398,18,599,29,2,428,23,229,9,6,127,887.14,467.62,0
Сухарева Анастасия Марковна,535,0,51,903,358,12,59,12,0,14,0,1,2,11,5,613,32,2113,32,285,21,26,0,330,17,283,15,2,380,15,134,7,4,147,810.88,463.52,0
Соловьева Елизавета Дмитриевна,504,0,52,866,716,11,37,13,1,5,1,0,4,7,10,496,17,1696,135,240,9,18,2,137,4,359,13,3,228,8,168,3,2,237,405.87,461.35,1
Васильева Алена Семеновна,632,0,42,880,701,12,91,6,0,3,0,0,0,17,6,1419,70,1959,70,304,17,9,0,472,23,947,47,1,681,42,297,14,5,58,361.55,575.68,0
Чернов Анатолий Иванович,197,1,42,874,536,12,90,13,1,7,0,1,0,17,0,767,43,2027,102,198,13,20,1,268,15,499,28,1,306,25,268,8,1,20,652.06,723.84,0
Комарова Елизавета Алексеевна,291,0,33,865,1527,12,153,25,4,43,2,1,0,18,0,1006,71,5446,307,336,24,68,6,636,44,370,27,2,442,41,201,14,3,326,839.25,569.55,0
Михайлов Демид Данилович,505,1,49,841,493,12,74,12,0,4,0,1,2,18,1,585,42,1545,42,190,18,16,0,146,10,439,32,3,234,21,187,9,3,154,721.16,343.14,0
Матвеев Лебедь Владимирович,906,1,31,838,344,12,38,19,1,9,1,1,4,10,11,648,42,2268,101,172,12,28,2,208,13,440,29,2,343,22,200,8,8,136,850.06,498.99,0
Киреев Дмитрий Артемович,378,1,39,833,416,12,65,7,0,5,0,0,1,1,2,609,41,1389,41,223,13,12,0,253,17,356,24,3,347,23,176,8,5,41,528.3,447.69,0
Романова Александра Андреевна,331,0,60,826,643,12,90,4,0,6,1,4,5,43,5,1230,66,1950,125,270,19,10,1,738,39,492,27,4,897,34,381,15,3,253,588.84,625.92,0
Семенова Вера Геннадьевна,340,0,43,819,491,12,72,18,2,5,0,0,0,16,0,1082,37,2462,155,226,13,23,2,235,8,847,29,3,562,22,259,8,4,196,812.87,894.64,0
Волков Логин Алексеевич,691,1,32,501,28,2,1,1,0,0,0,2,3,44,8,212,108,272,108,35,22,1,0,0,0,212,108,1,156,61,74,24,5,16,408.03,406.11,1
Лебедев Иван Борисович,890,1,43,811,368,12,57,12,3,9,1,1,3,0,9,943,52,2383,229,175,19,21,4,404,22,539,30,1,462,31,301,10,8,333,556.76,648.81,0
Воронов Даниил Александрович,803,1,43,799,317,12,58,3,0,5,0,3,1,40,6,657,31,1197,31,180,9,8,0,410,19,247,12,2,328,19,210,7,4,47,476.63,312.75,0
Дьячков Григорий Борисович,212,1,35,790,542,12,69,24,0,7,0,1,4,4,7,1054,32,2914,32,328,15,31,0,237,7,817,25,2,642,19,358,6,2,320,805.4,544.57,0
Соловьева Мария Георгиевна,727,0,41,790,619,12,74,28,2,21,2,1,1,14,2,1041,75,4101,75,319,28,49,4,446,32,595,43,1,707,39,260,14,7,246,472.02,553.93,0
Васильева Ангелина Семеновна,100,0,40,783,624,12,100,12,1,3,2,1,3,16,12,766,61,1786,120,253,9,15,3,153,12,613,49,1,375,32,222,14,1,160,657.12,667.99,0
Захарова Владислава Николаевна,376,0,57,770,252,12,58,4,0,8,1,1,0,0,2,956,54,1736,113,201,15,12,1,637,35,319,19,2,497,27,296,9,5,104,647.53,282.78,0
Лукин Захар Евгеньевич,620,1,44,760,556,12,103,6,1,5,0,0,0,16,2,779,54,1559,113,201,15,11,1,354,24,425,30,4,560,36,202,11,6,233,497.52,827.67,0
Королева Ангелина Аркадьевна,875,0,47,742,934,12,113,20,2,11,2,0,1,3,2,1611,117,3471,353,297,21,31,4,571,41,1040,76,4,1063,73,483,26,5,34,809.12,811.3,0
Шилова София Геннадьевна,110,0,47,725,400,12,67,22,2,2,0,0,0,3,1,1124,46,2804,164,313,26,24,2,93,3,1031,43,4,640,23,303,10,0,420,572.03,468.64,0
Капустин Борис Степанович,270,1,49,718,283,12,55,3,0,4,0,0,0,4,5,1274,82,1934,82,224,16,7,0,728,46,546,36,4,611,44,331,18,2,154,564.76,353.92,0
Наумова Арина Геннадьевна,343,0,36,713,515,12,110,14,1,12,1,1,0,15,1,718,49,2638,285,292,32,26,2,331,22,387,27,2,287,26,165,9,4,237,465.75,736.76,0
Петрова Арина Тимуровна,167,0,54,420,51,2,44,3,1,0,0,3,0,44,0,452,158,632,217,47,18,3,1,0,0,452,158,3,280,101,158,33,1,88,620.53,370.98,1
Васнецова Александра Андреевна,362,0,50,699,694,12,104,12,1,6,0,1,1,13,0,609,29,1869,265,203,16,18,1,202,9,407,20,4,322,13,127,6,2,168,895.37,339.58,0
Князев Лебедев Валентинович,582,1,46,463,289,5,82,2,0,2,1,5,0,38,7,807,140,987,199,173,28,4,1,403,70,404,70,3,322,84,185,30,8,29,410.76,279.94,1
Карпов Семен Григорьевич,404,1,53,644,553,12,105,18,2,12,1,1,0,14,0,1372,77,3412,313,446,42,30,3,548,30,824,47,1,932,42,370,17,4,307,503.48,639.51,0
Захарова София Вячеславовна,492,0,33,418,203,6,36,3,1,1,0,2,5,46,10,582,102,822,161,118,5,4,1,145,25,437,77,1,349,59,203,19,5,115,488.41,571.56,1
Семенова Алеся Артемовна,451,0,38,595,708,12,95,18,2,9,1,1,1,1,2,1198,86,2758,263,404,29,27,3,399,28,799,58,3,563,55,395,19,3,165,729.88,526.45,0
Степанов Борис Борисович,491,1,42,290,17,2,14,0,0,0,0,3,5,45,6,130,64,130,64,24,12,0,0,0,0,130,64,4,65,40,35,10,5,10,595.38,556.13,1
Борисова Алеся Ярославовна,663,0,38,575,454,12,77,5,0,7,0,0,4,7,6,704,44,1544,103,208,15,12,0,410,25,294,19,2,429,23,232,8,4,46,494.94,418.45,0
Борисова Алеся Валентиновна,267,0,44,408,185,7,23,14,0,7,1,1,5,5,11,564,87,1944,87,186,26,21,1,187,28,377,59,1,332,44,112,19,3,291,489.08,492.99,1
Смирнова Ксения Марковна,880,0,38,529,112,11,4,25,2,0,0,0,0,11,1,90,13,1530,72,309,3,25,2,0,0,90,13,4,54,5,26,2,8,76,587.34,888.76,1
Мартынов Герман Львович,642,1,38,547,557,12,79,19,0,10,0,0,1,7,8,607,48,2587,48,257,24,29,0,209,16,398,32,1,248,24,151,11,5,362,794.97,471.68,0
Трофимов Леонид Антонович,807,1,48,442,135,9,4,3,0,0,0,2,2,39,5,468,26,648,26,39,3,3,0,0,0,468,26,2,201,13,131,4,7,25,249.4,278.04,1
Жукова Виктория Валериевна,297,0,47,544,373,12,70,13,0,3,0,0,2,8,0,418,37,1378,96,242,16,16,0,78,6,340,31,4,196,21,112,8,2,55,822.15,574.89,0
Ткачева Татьяна Аркадьевна,132,0,40,543,473,12,61,12,0,6,0,1,4,3,5,936,63,1956,122,174,14,18,0,311,20,625,43,4,645,42,280,10,1,58,862.2,448.13,0
Панфилов Федор Маркович,627,1,35,538,456,12,82,21,3,10,0,1,0,5,0,621,46,2481,164,203,24,31,3,200,14,421,32,3,248,26,161,8,8,198,682.72,765.35,0
Степанов Артем Дмитриевич,769,1,41,530,587,12,77,17,4,12,3,0,5,3,11,1369,88,3229,501,505,24,29,7,566,36,803,52,3,889,50,465,15,6,226,437.63,640.46,0
Козлов Афанасий Никитович,720,1,48,427,214,9,9,1,0,1,0,3,2,42,8,553,53,853,53,156,9,2,0,276,26,277,27,1,403,34,171,11,8,93,302.79,290.6,1
Чернов Константин Лукасович,717,1,43,201,19,2,2,0,0,0,0,2,2,45,9,161,84,161,84,25,13,0,0,0,0,161,84,1,114,51,41,17,7,1,456.84,315.05,1
Полякова Валентина Антониевна,610,0,46,220,55,3,35,1,0,0,0,3,2,45,7,233,65,293,65,26,10,1,0,0,0,233,65,2,165,33,46,13,5,8,408.82,273.34,1
Афонин Александр Саввинович,326,1,42,488,722,12,85,3,1,5,1,4,4,0,11,1634,145,2054,263,276,23,8,2,1021,90,613,55,3,866,87,539,26,4,246,261.63,741.3,0
Бирюков Шубин Трофимович,345,1,27,483,569,12,69,12,1,6,1,0,0,13,2,686,43,1706,102,253,24,18,2,228,14,458,29,1,322,24,171,9,4,255,815.32,487.95,0
Семенова Полина Петровна,190,0,43,232,55,4,22,5,1,0,0,5,2,45,5,45,8,465,126,33,6,5,1,0,0,45,8,3,27,4,11,1,1,37,876.79,789.95,1
Гордеева Диана Савельевна,533,0,37,473,534,12,61,7,0,5,0,1,5,1,8,910,62,1630,62,292,15,12,0,379,25,531,37,3,664,31,254,12,7,97,354.62,464.62,0
Чернов Афанасий Андреевич,226,1,45,473,520,12,65,11,2,8,1,4,4,14,7,959,66,2519,302,302,20,19,3,403,27,556,39,3,623,38,201,13,3,302,687.0,893.01,0
Андреев Лебедев Захарович,453,1,37,462,644,12,82,0,0,5,0,4,2,37,6,816,66,1116,66,243,18,5,0,816,66,0,0,3,399,44,244,15,5,133,511.67,559.43,0
Лазарева Ксения Борисовна,284,0,36,189,117,4,50,1,1,2,2,4,1,44,9,131,44,611,339,47,12,3,3,87,29,44,15,4,58,22,34,7,4,6,524.57,531.78,1
Борисов Анатолий Трофимович,218,1,36,189,148,4,61,0,0,0,0,3,3,42,12,176,63,176,63,61,12,0,0,0,0,176,63,3,128,34,35,13,1,21,502.42,333.22,1
Трофимов Герман Никитович,902,1,51,177,44,4,7,0,0,0,0,2,2,40,6,203,52,203,52,77,18,0,0,0,0,203,52,2,97,35,66,10,10,8,362.89,449.54,1
Щербакова Евгения Ильинична,652,0,53,329,1145,9,107,11,1,6,0,5,3,7,0,753,73,2013,73,233,22,17,1,265,25,488,48,1,331,47,150,12,7,301,516.25,435.95,1
Павлова Анна Станиславовна,115,0,40,196,200,5,28,4,1,1,0,2,5,40,2,235,8,535,67,115,15,5,1,47,1,188,7,4,112,4,77,1,1,32,479.39,442.66,1
Артемьева Наталья Савельевна,501,0,46,212,115,5,29,2,0,0,0,2,2,40,11,313,21,433,21,77,10,2,0,0,0,313,21,4,159,9,75,4,4,21,330.22,585.4,1
Зуев Мирон Григорьевич,367,1,40,349,235,10,14,2,0,6,1,5,4,40,10,406,37,886,37,145,5,8,1,304,27,102,10,4,203,17,81,6,4,97,324.78,319.29,1
Комарова Оксана Даниловна,224,0,40,210,120,6,33,2,1,3,0,4,2,46,10,232,49,472,49,48,10,5,1,139,29,93,20,3,120,33,69,8,2,70,450.36,539.82,1
Кудряшова Яна Павловна,837,0,39,196,173,5,42,4,0,1,0,5,0,40,2,282,54,582,54,61,12,5,0,56,10,226,44,4,160,28,56,11,10,34,361.85,383.63,1
Лихачев Григорий Анатольевич,608,1,36,403,500,12,69,8,0,6,0,0,5,1,7,657,48,1497,48,202,22,14,0,281,20,376,28,4,440,30,177,8,6,119,785.33,457.52,0
Кудряшова Наталья Ильична,647,0,39,346,302,10,18,4,1,1,0,2,2,47,12,383,31,863,90,143,5,5,1,76,6,307,25,2,222,21,126,7,5,120,260.64,401.51,1
Васнецова Альбина Борисовна,580,0,43,388,731,12,75,11,1,4,0,0,1,4,9,443,37,1643,332,170,25,15,1,118,9,325,28,3,296,22,115,6,8,115,647.82,873.73,0
Исаев Лебедь Борисович,706,1,27,383,741,12,115,23,4,13,1,1,0,17,1,522,30,2922,325,334,27,36,5,188,10,334,20,2,313,17,161,5,10,350,524.86,426.14,0
Калашников Денис Валентинович,550,1,44,384,443,12,88,3,0,5,1,5,3,1,2,563,69,1043,69,203,20,8,1,351,43,212,26,2,399,31,180,12,2,156,241.88,426.14,0
Васнецова Елизавета Леонидовна,300,0,40,104,78,3,42,1,1,1,0,4,1,41,2,101,39,221,157,36,13,2,1,50,19,51,20,3,53,18,30,7,2,11,760.04,518.21,1
Смирнов Владимир Денисович,407,1,48,378,242,12,27,5,0,3,0,3,2,15,7,830,76,1370,76,166,11,8,0,311,28,519,48,1,498,34,265,13,5,95,259.56,414.69,0
Воронов Лебедев Федорович,215,1,28,374,306,12,70,16,1,5,0,1,0,3,0,289,13,1549,72,97,11,21,1,68,3,221,10,1,124,8,69,2,2,15,856.95,436.57,0
Павлов Алексей Степанович,161,1,47,315,402,10,18,7,1,3,0,0,3,10,12,730,33,1330,92,143,4,10,1,219,9,511,24,3,481,18,240,6,2,172,608.89,765.77,1
Рожков Федор Поликарпович,195,1,27,82,22,2,16,0,0,0,0,2,3,37,9,83,44,83,44,30,12,0,0,0,0,83,44,4,42,25,27,9,2,12,392.26,306.38,1
Лаврентьев Григорий Егорович,508,1,51,315,472,10,47,11,2,5,0,5,4,6,12,619,27,1579,145,101,4,16,2,193,8,426,19,2,396,18,129,5,2,47,774.61,590.85,1
Петрова Алина Максимовна,526,0,49,81,79,3,43,0,0,0,0,3,5,47,9,85,46,85,46,26,10,0,0,0,0,85,46,3,61,30,28,8,5,5,284.68,344.19,1
Поляков Тимофей Денисович,204,1,45,168,456,6,94,2,0,7,1,2,2,39,10,225,38,825,215,58,7,9,1,175,29,50,9,4,155,24,51,6,1,90,242.96,568.64,1
Григорьева Оксана Валентиновна,527,0,41,362,522,12,55,14,0,9,1,1,0,14,0,636,60,2136,60,306,26,23,1,248,23,388,37,3,438,28,178,11,6,42,427.6,234.7,0
Комарова Анастасия Ильинична,462,0,42,297,509,10,64,8,0,1,0,0,1,43,0,350,41,1130,41,125,9,9,0,38,4,312,37,1,248,22,112,9,6,135,679.44,251.8,1
Семенова Ольга Алексеевна,271,0,41,356,559,12,61,8,1,0,0,3,0,3,7,367,37,907,96,187,30,8,1,0,0,367,37,1,220,18,77,7,3,136,446.66,439.06,0
Мельникова Вероника Ярославовна,757,0,29,356,552,12,88,3,0,4,0,4,1,6,2,780,77,1200,77,195,14,7,0,445,44,335,33,2,444,43,241,17,7,72,508.4,435.47,0
Исаев Борис Ильич,294,1,43,355,552,12,118,9,2,4,1,1,0,11,11,557,56,1397,115,320,31,13,3,171,17,386,39,2,306,33,139,10,1,27,430.82,599.64,0
Игнатов Дмитрий Дмитриевич,416,1,43,323,410,11,30,11,0,10,0,5,2,40,7,705,38,2325,38,179,12,21,0,335,18,370,20,4,387,25,148,8,2,46,837.73,393.43,1
Щербакова Евгения Николаевна,860,0,29,351,443,12,67,9,1,2,0,1,3,6,0,652,68,1312,127,214,38,11,1,118,12,534,56,3,293,32,176,13,10,144,693.47,719.87,0
Гришин Никита Логинович,316,1,41,265,456,9,43,4,0,1,0,3,4,41,5,413,60,713,60,146,13,5,0,82,12,331,48,3,206,37,111,12,2,21,555.16,232.19,1
Лаврентьев Дорофей Маркович,722,1,32,349,383,11,54,9,0,1,0,1,3,5,8,679,65,1219,65,120,22,10,0,67,6,612,59,3,509,39,196,13,5,60,540.04,445.46,0
Королева Алиса Валериевна,199,0,27,58,39,2,36,0,0,0,0,4,3,46,5,58,26,58,26,32,14,0,0,0,0,58,26,2,31,11,15,5,1,8,598.4,380.57,1
Петров Борис Логинович,403,1,40,101,98,3,18,0,0,0,0,5,3,38,8,255,67,255,67,30,8,0,0,0,0,255,67,2,170,30,63,12,4,28,547.41,259.6,1
Щеглов Леонид Григорьевич,171,1,25,34,19,1,2,0,0,0,0,2,3,39,11,41,35,41,35,24,24,0,0,0,0,41,35,4,23,20,8,7,1,2,329.32,310.08,1
Лаврентьев Андрей Федорович,617,1,23,134,130,4,33,0,0,0,0,2,2,45,8,252,62,252,62,55,17,0,0,0,0,252,62,1,158,32,65,13,4,17,526.26,508.99,1
Щербаков Максим Данилович,191,1,24,70,73,2,27,0,0,0,0,2,0,45,0,73,40,73,40,32,12,0,0,0,0,73,40,2,51,20,25,8,2,7,442.04,207.5,1
Фролов Семен Тарасович,806,1,35,326,647,11,99,5,2,6,0,0,1,13,2,473,47,1133,165,120,9,11,2,257,25,216,22,2,255,21,122,10,11,56,855.19,541.56,0
Артемьева София Алексеевна,893,0,33,59,137,2,51,0,0,1,1,3,5,43,5,71,24,131,83,31,12,1,1,71,24,0,0,4,44,15,22,4,9,11,204.83,253.27,1
Смирнова Мария Викторовна,401,0,38,333,792,11,122,1,0,1,0,5,4,7,1,873,76,993,76,209,19,2,0,436,38,437,38,2,576,47,253,16,3,119,374.91,470.85,0
Горбунова Лариса Валентиновна,432,0,30,140,149,5,41,2,1,0,0,5,5,44,12,139,50,259,109,33,7,2,1,0,0,139,50,3,93,30,36,10,2,31,319.2,456.87,1
Петрова Ангелина Николаевна,461,0,43,326,675,11,105,6,0,4,0,0,1,8,2,115,3,835,62,142,11,10,0,46,1,69,2,2,74,1,34,0,3,116,351.14,218.18,0
Комарова Валерия Борисовна,671,0,29,123,120,4,19,0,0,0,0,3,5,47,2,195,57,195,57,43,11,0,0,0,0,195,57,4,111,32,44,10,8,15,583.1,464.3,1
Полякова Екатерина Дмитриевна,819,0,25,49,69,2,66,0,0,0,0,4,3,46,9,70,36,70,36,32,14,0,0,0,0,70,36,3,34,19,24,7,8,9,365.66,352.56,1
Полякова Полина Дмитриевна,406,0,41,41,55,1,44,0,0,0,0,5,3,40,7,35,35,35,35,24,24,0,0,0,0,35,35,4,15,18,8,6,4,1,380.88,512.37,1
Панфилов Трофим Игоревич,817,1,33,94,107,3,33,0,0,0,0,5,3,42,5,72,33,72,33,52,19,0,0,0,0,72,33,2,46,20,23,7,11,8,446.26,535.93,1
Горбунова Вера Юрьевна,231,0,35,232,334,8,40,4,0,2,0,0,5,1,5,396,46,816,46,127,7,6,0,131,15,265,31,3,158,25,114,8,3,8,249.85,206.97,1
Калинин Марк Дмитриевич,396,1,50,315,321,10,20,12,1,5,1,2,4,41,11,408,34,1548,93,72,2,17,2,120,10,288,24,1,240,18,126,6,3,232,747.57,639.32,1
Горбунова Ульяна Олеговна,205,0,35,314,738,10,88,6,1,6,1,1,3,14,8,368,35,1208,94,211,9,12,2,184,17,184,18,1,209,18,92,6,2,157,492.38,677.24,0
Семенов Глеб Кириллович,282,1,46,49,75,2,35,0,0,0,0,4,5,38,5,61,22,61,22,26,13,0,0,0,0,61,22,4,39,12,20,4,1,3,521.89,316.15,1
Артемьева Арина Владиславовна,272,0,37,182,222,6,26,0,0,0,0,2,3,47,12,169,30,229,30,66,4,0,0,0,0,169,30,1,91,13,37,6,3,29,538.29,512.04,1
Кондратьев Федор Борисович,239,1,40,62,46,2,29,0,0,0,0,4,3,41,8,88,42,88,42,37,19,0,0,0,0,88,42,2,56,20,24,7,2,9,557.32,268.49,1
Борисова Алена Алексеевна,207,0,36,42,34,1,26,0,0,0,0,2,5,37,5,39,36,39,36,27,26,0,0,0,0,39,36,4,27,23,9,7,1,5,356.93,349.82,1
Глебов Борис Захарович,184,1,29,307,420,10,42,3,0,1,0,4,3,18,2,352,29,592,29,131,6,4,0,88,7,264,22,4,172,17,119,6,1,59,313.75,356.78,0
Захарова Ульяна Марковна,480,0,36,39,26,1,26,0,0,0,0,5,2,38,6,38,38,38,38,26,26,0,0,0,0,38,38,1,21,17,7,6,5,4,548.11,568.5,1
Гордеева Ангелина Дмитриевна,472,0,36,259,434,9,59,2,0,3,0,3,5,9,9,305,28,665,28,160,10,5,0,183,16,122,12,2,128,17,70,4,6,53,577.29,262.86,1
Соколов Савелий Шубинович,625,1,40,160,137,5,19,2,1,1,1,3,4,40,5,172,38,412,97,112,12,3,2,57,12,115,26,2,115,18,44,7,9,12,277.95,573.74,1
Калашников Даниил Алексеевич,675,1,23,64,101,2,44,0,0,0,0,3,2,45,10,144,60,144,60,35,19,0,0,0,0,144,60,3,64,39,41,10,7,10,251.99,241.47,1
Григорьев Семен Артемович,419,1,31,98,119,3,31,1,1,1,1,5,5,42,0,236,81,356,140,60,28,2,2,118,40,118,41,3,153,45,68,13,4,10,413.17,403.31,1
Казаков Савелий Артемович,318,1,21,150,56,5,1,0,0,0,0,5,3,37,11,111,22,111,22,92,9,0,0,0,0,111,22,4,46,12,26,3,3,6,381.18,363.41,1
Михайлова Ева Савельевна,903,0,44,39,42,1,40,0,0,0,0,3,2,42,12,35,34,35,34,24,24,0,0,0,0,35,34,1,16,20,12,6,13,3,527.98,395.42,1
Комарова Ангелина Юрьевна,775,0,33,292,738,10,70,2,0,1,0,4,4,10,9,587,57,887,57,251,16,3,0,195,18,392,39,2,405,28,205,12,4,44,300.18,432.9,0
Жданов Григорий Никитович,616,1,49,291,721,10,142,7,0,8,0,1,5,12,6,440,47,1520,165,235,27,15,0,234,25,206,22,2,202,24,118,10,8,182,523.62,237.95,0
Лаврентьев Валентин Анатольевич,881,1,41,187,319,6,15,1,1,0,0,4,3,47,6,272,51,332,110,46,4,1,1,0,0,272,51,2,155,34,65,11,11,19,236.93,488.14,1
Козлова Татьяна Игоревна,658,0,42,222,263,7,22,0,0,3,1,3,4,38,10,305,35,485,35,66,3,3,1,305,35,0,0,1,186,17,61,7,5,58,591.43,353.89,1
Романова Вера Яковлевна,306,0,42,37,55,1,45,0,0,0,0,2,3,43,6,34,33,34,33,27,27,0,0,0,0,34,33,3,18,20,8,6,2,3,480.84,208.94,1
Баранова Татьяна Юрьевна,273,0,46,159,220,5,47,2,0,0,0,3,2,44,0,364,74,484,74,76,17,2,0,0,0,364,74,2,251,38,87,14,1,19,472.67,522.38,1
Смирнова Анжелика Тимофеевна,443,0,40,34,46,1,42,0,0,0,0,3,3,42,6,33,33,33,33,25,25,0,0,0,0,33,33,3,15,19,7,7,3,0,562.42,386.57,1
Новикова Анастасия Анатольевна,829,0,42,70,62,2,19,0,0,0,0,4,3,41,11,59,28,59,28,25,12,0,0,0,0,59,28,3,34,16,15,5,9,8,508.0,270.07,1
Козлова Анна Григорьевна,656,0,45,32,18,1,18,0,0,0,0,2,4,41,8,33,33,33,33,24,24,0,0,0,0,33,33,4,15,18,9,7,6,3,276.16,462.45,1
Семенова Елизавета Андреевна,606,0,38,270,447,9,72,22,1,4,1,0,1,13,1,691,86,2251,204,262,35,26,2,106,13,585,73,1,297,49,172,19,4,315,431.42,486.49,0
Котов Максим Денисович,140,1,20,190,162,6,14,0,0,1,0,5,4,39,8,172,23,232,23,33,4,1,0,172,23,0,0,4,120,11,51,4,2,2,395.01,502.36,1
Романова Екатерина Константиновна,256,0,51,49,102,2,78,0,0,0,0,2,5,39,9,73,38,73,38,27,14,0,0,0,0,73,38,3,51,24,16,7,2,3,356.96,408.69,1
Васнецова Ангелина Викторовна,888,0,29,36,67,1,19,0,0,0,0,3,2,40,7,44,33,44,33,26,25,0,0,0,0,44,33,3,19,15,11,6,12,2,250.78,427.73,1
Романова Екатерина Яковлевна,121,0,52,29,30,1,3,0,0,0,0,5,3,42,7,39,33,39,33,25,24,0,0,0,0,39,33,1,24,18,13,5,1,4,443.17,251.99,1
Сухарева София Валериевна,654,0,49,29,30,1,3,0,0,0,0,3,4,45,11,40,33,40,33,25,24,0,0,0,0,40,33,1,25,16,8,7,9,1,326.59,399.82,1
Козлова Анжелика Игоревна,285,0,35,232,402,8,66,8,3,5,1,1,1,3,9,368,64,1208,182,115,23,13,4,141,24,227,40,4,239,32,95,12,2,120,689.6,661.94,1
Жукова Полина Александровна,597,0,52,237,379,8,90,4,0,3,0,4,3,16,2,242,40,722,40,153,20,7,0,103,17,139,23,4,125,22,72,7,4,36,421.21,514.78,0
Горбунова Ева Геннадьевна,721,0,26,28,51,1,49,0,0,0,0,4,5,40,10,38,36,38,36,25,25,0,0,0,0,38,36,1,17,18,10,6,6,4,405.5,389.53,1
Михайлова Владислава Вячеславовна,782,0,23,43,37,1,23,0,0,0,0,5,5,44,6,50,35,50,35,24,24,0,0,0,0,50,35,1,22,22,17,8,4,5,402.84,364.47,1
Лазарева Валентина Платоновна,587,0,48,85,57,3,18,0,0,0,0,3,3,44,12,74,26,74,26,24,8,0,0,0,0,74,26,1,34,13,14,5,3,6,247.01,352.74,1
Михайлов Борис Максимович,546,1,27,28,41,1,36,0,0,0,0,4,4,44,9,38,36,38,36,25,25,0,0,0,0,38,36,2,26,24,8,7,7,1,457.86,427.23,1
Мельникова Татьяна Савельевна,463,0,32,35,40,1,21,0,0,0,0,3,2,44,5,46,38,46,38,26,24,0,0,0,0,46,38,2,27,17,16,7,4,2,533.58,278.83,1
Григорьева Екатерина Аркадьевна,144,0,47,217,338,7,57,0,0,1,0,5,5,40,12,273,46,333,46,134,34,1,0,273,46,0,0,1,177,29,62,10,1,29,386.09,585.53,1
Васнецова София Степановна,600,0,36,28,35,1,16,0,0,0,0,4,5,47,10,40,36,40,36,25,25,0,0,0,0,40,36,4,18,20,13,6,8,0,372.43,543.45,1
Мартынов Даниил Анатольевич,146,1,34,63,65,2,37,0,0,0,0,2,5,44,6,53,34,53,34,31,16,0,0,0,0,53,34,4,33,22,15,6,1,3,333.11,555.07,1
Комарова Анастасия Викторовна,469,0,19,42,30,1,14,0,0,0,0,4,2,43,7,33,33,33,33,24,24,0,0,0,0,33,33,4,17,21,9,5,4,4,283.89,441.78,1
Наумов Игорь Анатольевич,303,1,20,79,154,3,81,0,0,0,0,3,4,38,12,139,47,139,47,33,13,0,0,0,0,139,47,3,76,25,36,8,2,11,297.66,394.44,1
Рожков Кирилл Константинович,685,1,28,210,390,7,85,3,0,3,1,4,4,45,9,311,45,611,104,94,8,6,1,155,22,156,23,3,124,21,108,9,9,18,734.58,505.5,0
Артемьев Даниил Алексеевич,102,1,37,208,175,7,26,3,1,1,0,0,0,2,2,314,51,494,110,96,17,4,1,78,12,236,39,3,160,23,87,11,0,44,411.97,882.49,0
Михайлова Александра Андреевна,292,0,53,203,487,7,111,2,0,0,0,3,0,7,2,365,74,485,74,163,31,2,0,0,0,365,74,1,208,34,94,13,2,14,200.18,477.58,0
Петров Артемий Владимирович,441,1,40,204,371,7,87,1,0,1,1,4,0,41,9,427,88,547,88,57,14,2,1,213,44,214,44,4,294,44,119,16,5,65,419.73,224.39,0
Васнецова Валерия Константиновна,439,0,50,204,426,7,98,0,0,3,1,2,0,1,2,486,78,786,196,128,15,3,1,486,78,0,0,3,218,37,150,17,6,70,520.43,441.95,0
Баранова Ксения Юрьевна,786,0,39,204,528,7,114,4,0,6,0,2,1,47,0,400,69,1000,69,117,18,10,0,240,41,160,28,2,224,35,120,15,5,50,413.98,483.88,0
Борисова Надежда Леонидовна,635,0,40,161,118,5,18,1,1,0,0,2,1,47,1,174,33,234,92,66,12,1,1,0,0,174,33,4,92,16,55,6,3,32,254.87,872.03,1
Романова Алина Ярославовна,424,0,43,202,448,7,142,6,2,1,0,1,1,18,1,422,61,902,238,172,38,7,2,60,8,362,53,4,181,29,135,14,3,90,507.19,681.06,0
Котова Ульяна Марковна,713,0,52,100,124,3,45,0,0,0,0,2,2,45,10,84,27,84,27,25,8,0,0,0,0,84,27,4,49,14,26,4,8,9,574.87,538.71,1
Павлова София Дмитриевна,868,0,40,196,521,6,102,14,3,4,2,1,1,10,0,227,44,1307,103,189,41,18,5,50,9,177,35,2,129,26,52,8,9,13,490.9,736.54,0
Соколова Маргарита Игоревна,858,0,30,196,484,6,92,4,0,0,0,5,1,5,1,359,78,1019,255,197,26,4,0,0,0,359,78,3,165,44,125,15,8,142,254.91,406.44,0
Баженов Демид Егорович,733,1,36,42,53,1,18,0,0,0,0,3,3,43,12,40,37,40,37,26,26,0,0,0,0,40,37,2,26,24,12,7,4,0,480.89,415.34,1
Кудряшова Вероника Даниловна,260,0,20,66,48,2,37,0,0,0,0,2,4,45,5,53,24,53,24,26,14,0,0,0,0,53,24,1,36,14,14,4,3,3,572.28,473.13,1
Бирюков Григорий Миронович,793,1,27,78,84,3,10,0,0,0,0,5,4,47,7,120,33,120,33,31,10,0,0,0,0,120,33,3,69,17,31,6,5,13,416.96,308.05,1
Комарова Татьяна Артемовна,369,0,38,49,90,2,52,0,0,0,0,2,3,42,10,69,34,69,34,28,14,0,0,0,0,69,34,1,33,17,13,6,2,9,406.73,534.96,1
Романова Ева Антониевна,693,0,28,128,205,4,60,2,0,1,0,3,2,40,5,231,51,411,169,49,14,3,0,76,16,155,35,2,92,24,78,11,3,36,540.8,388.34,1
Смирнова Евгения Станиславовна,305,0,28,114,240,4,68,0,0,0,0,5,3,41,7,175,55,235,55,45,11,0,0,0,0,175,55,1,77,34,59,10,4,11,593.13,325.71,1
Князева Яна Георгиевна,162,0,39,189,335,6,80,4,1,1,0,4,1,14,2,239,43,479,102,83,15,5,1,47,8,192,35,2,174,21,62,9,2,28,221.94,658.04,0
Поляков Борис Германович,208,1,40,77,64,3,19,1,1,1,1,2,5,38,9,64,23,184,23,35,9,2,2,32,11,32,12,3,28,11,21,4,1,22,547.11,710.83,1
Баженов Артем Евгеньевич,357,1,40,168,387,6,83,3,1,2,2,2,1,42,12,318,58,618,176,110,30,5,3,127,23,191,35,2,174,37,63,12,3,43,386.71,793.03,1
Крылов Борис Глебович,514,1,29,181,327,6,61,1,0,3,1,4,1,43,6,431,86,671,145,124,20,4,1,323,64,108,22,1,181,49,107,19,5,60,594.98,455.13,0
Артемьев Тарас Владимирович,388,1,29,123,160,4,30,2,1,3,2,4,5,37,6,276,75,576,252,80,13,5,3,165,45,111,30,4,129,46,91,13,5,17,893.4,805.46,1
Щербаков Денис Борисович,238,1,49,174,370,6,77,0,0,1,0,2,2,16,6,361,86,361,86,117,14,1,0,361,86,0,0,4,223,51,101,18,1,10,467.21,479.04,0
Андреев Логин Шубинович,645,1,45,122,154,4,28,1,0,0,0,3,3,42,6,229,44,289,44,42,12,1,0,0,0,229,44,4,93,22,54,7,9,11,267.84,291.35,1
Королев Андрей Григорьевич,459,1,26,50,52,2,32,0,0,0,0,2,2,38,12,58,28,58,28,28,15,0,0,0,0,58,28,4,29,13,15,6,4,4,378.54,591.87,1
Сысоев Александр Евгеньевич,149,1,26,72,80,2,37,0,0,0,0,4,2,38,10,72,32,72,32,25,13,0,0,0,0,72,32,4,28,19,14,5,1,6,317.66,412.28,1
Артемьев Кирилл Леонидович,350,1,32,33,31,1,27,0,0,0,0,2,3,46,9,43,38,43,38,25,25,0,0,0,0,43,38,4,21,17,15,6,3,5,203.26,299.08,1
Матвеева Елена Сергеевна,696,0,43,105,80,3,18,0,0,0,0,3,3,41,6,70,21,70,21,24,8,0,0,0,0,70,21,2,47,9,18,4,6,4,216.66,525.46,1
Новикова Ольга Петровна,677,0,27,71,87,2,42,0,0,0,0,5,2,45,8,85,40,85,40,28,15,0,0,0,0,85,40,3,48,23,25,8,4,8,289.77,453.74,1
Козлов Иван Николаевич,678,1,38,167,266,6,72,2,1,2,2,3,3,44,5,216,48,456,107,97,10,4,3,108,24,108,24,1,123,27,71,8,5,18,575.13,426.08,0
Павлов Кирилл Станиславович,820,1,27,161,216,5,57,3,0,2,0,4,0,40,12,332,62,572,62,113,28,5,0,132,24,200,38,2,249,31,116,13,7,80,718.4,531.96,0
Артемьева Ольга Алексеевна,384,0,26,162,189,5,50,1,0,1,0,4,4,43,8,243,47,423,47,151,16,2,0,121,23,122,24,1,179,29,75,10,5,8,384.25,284.35,0
Петрова Екатерина Вячеславовна,619,0,44,41,43,1,38,0,0,0,0,4,3,37,7,67,48,67,48,26,26,0,0,0,0,67,48,2,32,28,21,10,8,4,498.17,307.59,1
Королева Ирина Олеговна,845,0,40,147,333,5,107,3,1,2,0,3,1,38,2,198,42,678,219,101,25,5,1,79,16,119,26,4,104,19,45,8,11,54,219.34,454.14,0
Артемьева Дарья Максимовна,333,0,33,45,56,1,26,0,0,0,0,3,4,42,11,47,33,47,33,26,25,0,0,0,0,47,33,4,35,22,12,7,2,1,358.97,445.84,1
Смирнова Екатерина Максимовна,275,0,49,147,224,5,61,7,5,0,0,1,1,3,5,219,50,759,404,102,16,7,5,0,0,219,50,1,164,30,63,9,2,106,761.31,771.19,0
Комарова Лилия Алексеевна,784,0,43,147,332,5,87,6,2,2,2,1,1,9,0,215,53,1055,171,102,16,8,4,53,13,162,40,1,152,29,70,10,4,73,679.2,817.75,0
Горбунова Арина Дмитриевна,227,0,48,60,90,2,45,0,0,0,0,2,5,37,6,73,28,73,28,34,16,0,0,0,0,73,28,4,37,16,21,5,2,8,598.93,591.2,1
Семенова Александра Юрьевна,174,0,37,139,226,5,62,1,0,0,0,1,0,11,0,241,45,241,45,126,18,1,0,0,0,241,45,2,144,25,79,10,2,14,329.54,519.94,0
Петрова Марина Игоревна,770,0,45,140,251,5,80,4,0,2,0,0,0,9,2,182,36,542,36,92,24,6,0,60,11,122,25,3,85,21,61,6,7,32,781.46,570.91,0
Комаров Андрей Афанасьевич,296,1,37,69,74,2,26,0,0,0,0,4,5,47,11,52,22,52,22,35,12,0,0,0,0,52,22,3,22,14,10,3,2,4,479.94,592.33,1
Петрова Алиса Сергеевна,809,0,27,139,205,5,65,4,2,0,0,4,4,39,8,179,41,359,100,94,15,4,2,0,0,179,41,4,109,22,53,9,4,21,550.27,503.84,0
Волков Лев Сергеевич,109,1,31,115,204,4,24,0,0,0,0,4,3,42,10,196,40,196,40,34,10,0,0,0,0,196,40,4,92,22,49,8,0,5,531.89,211.25,1
Комарова Алиса Григорьевна,437,0,42,119,187,4,26,2,1,1,1,5,4,43,8,131,29,311,29,53,16,3,2,43,9,88,20,3,89,17,40,4,3,34,874.93,529.79,1
Королева Альбина Тимофеевна,887,0,37,133,201,4,72,5,2,1,1,0,0,0,1,175,43,475,220,77,12,6,3,29,7,146,36,4,71,22,57,7,9,61,811.68,409.03,0
Семенов Артем Павлович,360,1,40,46,44,2,29,0,0,0,0,3,4,42,11,54,22,54,22,26,12,0,0,0,0,54,22,1,38,13,11,4,4,1,547.27,318.73,1
Сухарева Алина Викторовна,237,0,38,132,334,4,104,2,1,0,0,5,1,47,1,136,44,316,103,70,14,2,1,0,0,136,44,1,95,27,43,9,1,3,591.1,466.4,0
Гордеев Федор Андреевич,525,1,27,126,239,4,76,1,0,1,0,3,2,47,11,315,73,495,73,81,19,2,0,157,36,158,37,2,170,47,63,14,6,69,380.27,519.08,0
Потапов Федор Лукасович,551,1,44,126,210,4,73,4,2,1,0,4,3,46,2,172,43,532,161,70,9,5,2,34,8,138,35,2,68,26,34,7,7,69,637.98,653.11,0
Щербаков Алексей Максимович,683,1,37,77,45,3,15,1,1,0,0,5,5,45,10,35,11,95,70,29,8,1,1,0,0,35,11,3,24,6,7,2,8,14,531.06,685.59,1
Шилова Арина Григорьевна,411,0,42,126,170,4,68,1,0,0,0,2,2,39,12,221,55,281,55,69,19,1,0,0,0,221,55,2,106,30,61,9,3,36,437.11,389.56,0
Калашников Валентин Богданович,498,1,56,126,250,4,73,1,1,0,0,4,2,39,1,180,51,240,110,69,24,1,1,0,0,180,51,2,99,23,46,8,5,33,411.51,588.64,0
Чернова Валерия Юрьевна,319,0,41,118,314,4,102,9,3,1,1,0,1,0,2,218,56,878,292,94,27,10,4,21,5,197,51,4,122,35,74,11,1,43,767.27,560.55,0
Захарова Татьяна Михайловна,699,0,22,118,146,4,51,1,1,1,0,2,0,42,2,134,36,254,95,58,15,2,1,67,18,67,18,2,100,21,34,8,8,20,467.1,816.26,0
Смирнова Диана Даниловна,716,0,35,116,182,4,61,1,0,1,0,2,5,40,12,132,37,252,37,44,7,2,0,66,18,66,19,2,97,21,29,6,7,37,249.65,317.01,0
Горбунова Ольга Валентиновна,680,0,32,115,189,4,79,2,1,1,0,3,5,43,12,140,36,380,36,74,16,3,1,46,11,94,25,4,61,18,44,6,8,30,546.09,383.83,0
Калашников Иван Сергеевич,147,1,35,34,69,1,38,0,0,0,0,5,2,37,6,42,35,42,35,28,25,0,0,0,0,42,35,1,17,22,12,7,1,1,239.66,470.88,1
Васильева Ольга Станиславовна,805,0,34,35,18,1,16,0,0,0,0,4,4,43,11,33,33,33,33,26,26,0,0,0,0,33,33,1,17,19,9,5,11,2,383.93,469.04,1
Соколов Мирон Артемович,259,1,41,113,368,4,129,2,1,0,0,5,0,13,1,245,59,365,118,157,57,2,1,0,0,245,59,3,171,29,49,10,3,21,272.12,298.81,0
Климов Андрей Николаевич,399,1,57,112,194,4,83,0,0,0,0,4,2,40,2,106,32,106,32,41,11,0,0,0,0,106,32,1,60,20,36,5,5,15,412.77,436.63,0
Климов Борис Федорович,728,1,39,69,79,2,40,0,0,0,0,3,5,43,10,54,26,54,26,34,19,0,0,0,0,54,26,4,23,14,15,4,8,4,363.1,570.41,1
Григорьева Елена Юрьевна,332,0,37,106,256,4,103,2,1,0,0,1,1,37,2,161,47,221,47,103,27,2,1,0,0,161,47,4,67,31,33,10,2,28,313.41,819.12,0
Петрова Наталья Степановна,433,0,47,105,177,3,57,1,1,1,0,4,1,38,10,168,50,288,109,71,23,2,1,84,25,84,25,1,107,27,38,10,3,43,290.52,565.91,0
Комарова Светлана Петровна,871,0,21,106,143,4,31,2,1,0,0,3,5,43,9,109,27,229,86,45,10,2,1,0,0,109,27,3,74,16,25,4,7,11,443.31,821.84,0
Наумова Марина Виталиевна,230,0,39,49,65,2,49,0,0,0,0,2,5,37,9,104,38,104,38,35,19,0,0,0,0,104,38,1,42,17,30,7,1,13,242.82,327.03,1
Артемьева Екатерина Александровна,673,0,27,91,134,3,83,0,0,0,0,4,1,38,1,104,40,104,40,54,18,0,0,0,0,104,40,1,46,20,23,6,7,14,463.4,323.52,0
Иванова Лариса Геннадьевна,157,0,29,91,128,3,53,0,0,0,0,5,5,43,5,101,36,161,95,39,13,0,0,0,0,101,36,1,58,18,25,6,2,16,418.03,291.82,0
Иванова Вера Петровна,228,0,37,91,163,3,55,1,0,0,0,3,4,46,10,129,52,189,52,82,30,1,0,0,0,129,52,1,83,29,37,8,3,24,396.37,414.41,0
Наумова Ирина Юрьевна,313,0,43,91,223,3,111,0,0,0,0,2,2,44,11,127,41,187,100,71,26,0,0,0,0,127,41,4,87,20,31,9,4,9,237.83,384.16,0
Смирнова Алеся Платоновна,206,0,31,90,201,3,88,0,0,0,0,2,1,41,0,143,44,323,221,65,22,0,0,0,0,143,44,3,64,26,35,8,2,45,590.41,410.58,0
Комарова Мария Аркадьевна,219,0,40,84,179,3,86,1,1,0,0,5,1,17,1,91,31,151,90,61,23,1,1,0,0,91,31,1,66,18,24,6,3,22,313.35,706.8,0
Волков Андрей Афанасьевич,567,1,35,71,44,2,19,0,0,0,0,3,3,44,8,63,24,63,24,26,12,0,0,0,0,63,24,3,30,12,13,4,5,0,381.74,392.58,1
Петрова Мария Олеговна,135,0,37,84,257,3,104,1,1,1,1,3,1,44,0,119,40,239,99,66,27,2,2,59,20,60,20,3,51,19,28,9,1,28,556.2,827.54,0
Михайлова Арина Михайловна,261,0,36,84,153,3,83,1,1,0,0,5,2,43,11,160,61,220,120,70,19,1,1,0,0,160,61,1,88,39,49,10,1,24,312.14,892.7,0
Комарова Виктория Валериевна,400,0,34,84,224,3,98,0,0,0,0,5,3,41,6,92,31,92,31,68,33,0,0,0,0,92,31,4,65,16,32,5,5,3,579.73,579.16,0
Лихачев Борис Антонович,520,1,49,36,25,1,25,0,0,0,0,4,2,40,5,33,33,33,33,25,25,0,0,0,0,33,33,1,23,20,6,5,2,4,507.88,521.46,1
Кудряшова Валентина Семеновна,298,0,48,76,200,3,93,0,0,0,0,3,1,18,2,126,55,186,55,130,36,0,0,0,0,126,55,2,52,26,32,11,3,18,276.54,466.78,0
Григорьев Станислав Анатольевич,449,1,39,43,141,1,46,0,0,0,0,5,4,39,11,35,34,35,34,27,24,0,0,0,0,35,34,2,16,18,7,6,6,2,369.14,522.8,1
Наумова София Григорьевна,159,0,38,76,290,3,137,3,3,1,1,3,0,44,11,128,42,368,219,62,25,4,4,32,10,96,32,4,84,27,25,7,2,18,603.91,473.74,0
Ткачева Анна Валерьевна,496,0,45,77,106,3,42,0,0,0,0,1,1,42,2,111,44,111,44,53,19,0,0,0,0,111,44,2,49,21,34,10,3,4,432.96,592.46,0
Новиков Максим Григорьевич,366,1,28,77,130,3,54,0,0,0,0,4,0,46,1,166,62,166,62,55,16,0,0,0,0,166,62,3,124,38,48,11,4,6,558.88,535.2,0
Королева Ангелина Юрьевна,380,0,48,73,192,2,117,1,1,0,0,2,1,47,10,120,52,180,111,56,31,1,1,0,0,120,52,2,58,27,42,9,3,14,345.86,531.48,0
Васнецова Альбина Вячеславовна,154,0,36,70,153,2,94,0,0,0,0,3,4,45,5,100,44,160,103,50,23,0,0,0,0,100,44,3,64,28,24,7,1,22,553.69,511.23,0
Князева Альбина Александровна,705,0,49,67,116,2,74,0,0,0,0,3,0,42,0,107,46,107,46,38,24,0,0,0,0,107,46,1,53,26,21,10,5,14,383.05,443.45,0
Казакова София Ярославовна,644,0,49,31,21,1,6,0,0,0,0,5,2,39,10,33,33,33,33,25,24,0,0,0,0,33,33,2,15,16,6,7,8,1,556.55,490.0,1
Ушаков Богдан Александрович,872,1,31,63,109,2,50,0,0,0,0,2,0,43,9,44,18,104,77,28,12,0,0,0,0,44,18,1,30,11,9,3,9,14,217.03,455.93,0
Князева Александра Даниловна,778,0,40,57,132,2,94,0,0,0,0,5,1,45,1,122,54,242,172,36,23,0,0,0,0,122,54,4,84,27,31,9,4,31,406.28,241.38,0
Котова Анна Дмитриевна,311,0,50,57,119,2,82,1,1,0,0,4,1,4,2,70,32,130,91,151,22,1,1,0,0,70,32,3,43,18,23,6,4,13,389.01,570.23,0
Мельникова Ангелина Георгиевна,599,0,38,57,143,2,92,2,2,0,0,3,0,47,2,87,44,207,162,49,26,2,2,0,0,87,44,3,40,28,26,7,8,26,841.55,486.11,0
Князева Арина Дмитриевна,487,0,54,38,36,1,29,0,0,0,0,3,4,47,11,37,34,37,34,24,24,0,0,0,0,37,34,1,19,21,10,6,5,2,559.15,301.52,1
Сухарева Арина Юрьевна,106,0,40,50,100,2,64,0,0,0,0,3,0,45,1,68,30,188,148,34,18,0,0,0,0,68,30,4,42,17,23,6,0,28,596.1,420.19,0
Комарова Ирина Андреевна,864,0,53,46,75,2,57,0,0,0,0,5,4,45,6,63,32,63,32,27,15,0,0,0,0,63,32,4,34,20,19,6,7,7,302.85,574.7,0
Комарова Мария Платоновна,547,0,44,46,105,2,80,0,0,0,0,4,4,47,9,64,32,64,32,59,23,0,0,0,0,64,32,3,45,17,16,7,7,0,490.17,554.27,0
Павлов Мирон Германович,323,1,56,42,79,1,59,0,0,0,0,5,0,40,0,65,49,65,49,33,31,0,0,0,0,65,49,1,48,33,21,9,1,0,344.3,593.45,0
Кудряшов Александр Захарович,787,1,44,36,58,1,55,0,0,0,0,5,3,42,6,61,47,61,47,42,40,0,0,0,0,61,47,2,44,30,13,10,9,7,229.29,487.03,0
Сухарева Оксана Валерьевна,712,0,44,36,82,1,74,0,0,0,0,4,1,42,2,50,42,50,42,26,26,0,0,0,0,50,42,1,23,19,10,8,8,1,426.03,279.52,0
Соколова Анастасия Тимуровна,532,0,60,36,65,1,57,0,0,0,0,4,0,37,2,75,54,75,54,33,33,0,0,0,0,75,54,1,54,29,20,9,3,4,252.6,279.09,0
Рожков Андрей Лебедевич,103,1,34,36,79,1,74,0,0,0,0,4,1,41,9,63,48,63,48,27,26,0,0,0,0,63,48,1,42,32,15,9,0,4,501.16,459.43,0
Михайлова Вероника Константиновна,896,0,52,36,98,1,90,0,0,0,0,5,2,37,12,50,41,50,41,27,26,0,0,0,0,50,41,1,34,22,16,9,12,1,433.32,375.79,0
Кудряшова Ксения Тимуровна,734,0,33,36,107,1,98,0,0,0,0,4,3,40,8,49,41,49,41,27,27,0,0,0,0,49,41,3,31,21,13,7,5,6,395.18,557.14,0
Чернова Ангелина Геннадьевна,859,0,33,36,94,1,76,1,1,0,0,4,0,38,1,50,41,110,100,37,36,1,1,0,0,50,41,1,25,21,16,7,10,3,316.21,273.79,0
Лазарева Ирина Аркадьевна,783,0,30,35,128,1,119,0,0,0,0,3,5,38,1,67,50,67,50,30,30,0,0,0,0,67,50,4,36,23,19,11,4,9,561.12,589.23,0
Васильева Виктория Антоновна,465,0,31,1933,580,12,97,32,2,14,1,1,0,12,0,568,30,3628,266,266,10,46,3,172,9,396,21,3,244,14,198,5,3,399,783.74,480.39,0
Михайлова Ольга Анатольевна,428,0,44,1877,635,12,79,32,3,11,2,0,1,15,0,1026,86,3846,381,157,14,43,5,262,22,764,64,2,718,41,256,14,2,115,490.07,729.22,0
Князева Арина Ильична,865,0,37,1939,1321,12,115,9,1,13,1,5,0,10,8,908,48,2408,166,199,11,22,2,536,28,372,20,4,499,30,227,9,8,264,849.11,844.07,0
Григорьев Захар Семенович,409,1,49,415,308,4,85,1,0,1,0,3,5,40,8,490,112,610,112,121,19,2,0,245,56,245,56,4,225,59,122,21,2,85,237.32,231.83,1
